email;userName;pwd1;pwd2;tipo
patata@patata1;patata1;patata1;patata1;Normal
patata@patata2;patata2;patata2;patata2;Normal
patata@patata3;patata3;patata3;patata3;Normal
patata@patata4;patata4;patata4;patata4;Normal
patata@patata5;patata5;patata5;patata5;Normal
patata@patata6;patata6;patata6;patata6;Normal
patata@patata7;patata7;patata7;patata7;Normal
patata@patata8;patata8;patata8;patata8;Normal
patata@patata9;patata9;patata9;patata9;Normal
patata@patata10;patata10;patata10;patata10;Normal
patata@patata11;patata11;patata11;patata11;Normal
patata@patata12;patata12;patata12;patata12;Normal
patata@patata13;patata13;patata13;patata13;Normal
patata@patata14;patata14;patata14;patata14;Normal
patata@patata15;patata15;patata15;patata15;Normal
patata@patata16;patata16;patata16;patata16;Normal
patata@patata17;patata17;patata17;patata17;Normal
patata@patata18;patata18;patata18;patata18;Normal
patata@patata19;patata19;patata19;patata19;Normal
patata@patata20;patata20;patata20;patata20;Normal
patata@patata21;patata21;patata21;patata21;Normal
patata@patata22;patata22;patata22;patata22;Normal
patata@patata23;patata23;patata23;patata23;Normal
patata@patata24;patata24;patata24;patata24;Normal
patata@patata25;patata25;patata25;patata25;Normal
patata@patata26;patata26;patata26;patata26;Normal
patata@patata27;patata27;patata27;patata27;Normal
patata@patata28;patata28;patata28;patata28;Normal
patata@patata29;patata29;patata29;patata29;Normal
patata@patata30;patata30;patata30;patata30;Normal
patata@patata31;patata31;patata31;patata31;Normal
patata@patata32;patata32;patata32;patata32;Normal
patata@patata33;patata33;patata33;patata33;Normal
patata@patata34;patata34;patata34;patata34;Normal
patata@patata35;patata35;patata35;patata35;Normal
patata@patata36;patata36;patata36;patata36;Normal
patata@patata37;patata37;patata37;patata37;Normal
patata@patata38;patata38;patata38;patata38;Normal
patata@patata39;patata39;patata39;patata39;Normal
patata@patata40;patata40;patata40;patata40;Normal
patata@patata41;patata41;patata41;patata41;Normal
patata@patata42;patata42;patata42;patata42;Normal
patata@patata43;patata43;patata43;patata43;Normal
patata@patata44;patata44;patata44;patata44;Normal
patata@patata45;patata45;patata45;patata45;Normal
patata@patata46;patata46;patata46;patata46;Normal
patata@patata47;patata47;patata47;patata47;Normal
patata@patata48;patata48;patata48;patata48;Normal
patata@patata49;patata49;patata49;patata49;Normal
patata@patata50;patata50;patata50;patata50;Normal
patata@patata51;patata51;patata51;patata51;Normal
patata@patata52;patata52;patata52;patata52;Normal
patata@patata53;patata53;patata53;patata53;Normal
patata@patata54;patata54;patata54;patata54;Normal
patata@patata55;patata55;patata55;patata55;Normal
patata@patata56;patata56;patata56;patata56;Normal
patata@patata57;patata57;patata57;patata57;Normal
patata@patata58;patata58;patata58;patata58;Normal
patata@patata59;patata59;patata59;patata59;Normal
patata@patata60;patata60;patata60;patata60;Normal
patata@patata61;patata61;patata61;patata61;Normal
patata@patata62;patata62;patata62;patata62;Normal
patata@patata63;patata63;patata63;patata63;Normal
patata@patata64;patata64;patata64;patata64;Normal
patata@patata65;patata65;patata65;patata65;Normal
patata@patata66;patata66;patata66;patata66;Normal
patata@patata67;patata67;patata67;patata67;Normal
patata@patata68;patata68;patata68;patata68;Normal
patata@patata69;patata69;patata69;patata69;Normal
patata@patata70;patata70;patata70;patata70;Normal
patata@patata71;patata71;patata71;patata71;Normal
patata@patata72;patata72;patata72;patata72;Normal
patata@patata73;patata73;patata73;patata73;Normal
patata@patata74;patata74;patata74;patata74;Normal
patata@patata75;patata75;patata75;patata75;Normal
patata@patata76;patata76;patata76;patata76;Normal
patata@patata77;patata77;patata77;patata77;Normal
patata@patata78;patata78;patata78;patata78;Normal
patata@patata79;patata79;patata79;patata79;Normal
patata@patata80;patata80;patata80;patata80;Normal
patata@patata81;patata81;patata81;patata81;Normal
patata@patata82;patata82;patata82;patata82;Normal
patata@patata83;patata83;patata83;patata83;Normal
patata@patata84;patata84;patata84;patata84;Normal
patata@patata85;patata85;patata85;patata85;Normal
patata@patata86;patata86;patata86;patata86;Normal
patata@patata87;patata87;patata87;patata87;Normal
patata@patata88;patata88;patata88;patata88;Normal
patata@patata89;patata89;patata89;patata89;Normal
patata@patata90;patata90;patata90;patata90;Normal
patata@patata91;patata91;patata91;patata91;Normal
patata@patata92;patata92;patata92;patata92;Normal
patata@patata93;patata93;patata93;patata93;Normal
patata@patata94;patata94;patata94;patata94;Normal
patata@patata95;patata95;patata95;patata95;Normal
patata@patata96;patata96;patata96;patata96;Normal
patata@patata97;patata97;patata97;patata97;Normal
patata@patata98;patata98;patata98;patata98;Normal
patata@patata99;patata99;patata99;patata99;Normal
patata@patata100;patata100;patata100;patata100;Normal
patata@patata101;patata101;patata101;patata101;Normal
patata@patata102;patata102;patata102;patata102;Normal
patata@patata103;patata103;patata103;patata103;Normal
patata@patata104;patata104;patata104;patata104;Normal
patata@patata105;patata105;patata105;patata105;Normal
patata@patata106;patata106;patata106;patata106;Normal
patata@patata107;patata107;patata107;patata107;Normal
patata@patata108;patata108;patata108;patata108;Normal
patata@patata109;patata109;patata109;patata109;Normal
patata@patata110;patata110;patata110;patata110;Normal
patata@patata111;patata111;patata111;patata111;Normal
patata@patata112;patata112;patata112;patata112;Normal
patata@patata113;patata113;patata113;patata113;Normal
patata@patata114;patata114;patata114;patata114;Normal
patata@patata115;patata115;patata115;patata115;Normal
patata@patata116;patata116;patata116;patata116;Normal
patata@patata117;patata117;patata117;patata117;Normal
patata@patata118;patata118;patata118;patata118;Normal
patata@patata119;patata119;patata119;patata119;Normal
patata@patata120;patata120;patata120;patata120;Normal
patata@patata121;patata121;patata121;patata121;Normal
patata@patata122;patata122;patata122;patata122;Normal
patata@patata123;patata123;patata123;patata123;Normal
patata@patata124;patata124;patata124;patata124;Normal
patata@patata125;patata125;patata125;patata125;Normal
patata@patata126;patata126;patata126;patata126;Normal
patata@patata127;patata127;patata127;patata127;Normal
patata@patata128;patata128;patata128;patata128;Normal
patata@patata129;patata129;patata129;patata129;Normal
patata@patata130;patata130;patata130;patata130;Normal
patata@patata131;patata131;patata131;patata131;Normal
patata@patata132;patata132;patata132;patata132;Normal
patata@patata133;patata133;patata133;patata133;Normal
patata@patata134;patata134;patata134;patata134;Normal
patata@patata135;patata135;patata135;patata135;Normal
patata@patata136;patata136;patata136;patata136;Normal
patata@patata137;patata137;patata137;patata137;Normal
patata@patata138;patata138;patata138;patata138;Normal
patata@patata139;patata139;patata139;patata139;Normal
patata@patata140;patata140;patata140;patata140;Normal
patata@patata141;patata141;patata141;patata141;Normal
patata@patata142;patata142;patata142;patata142;Normal
patata@patata143;patata143;patata143;patata143;Normal
patata@patata144;patata144;patata144;patata144;Normal
patata@patata145;patata145;patata145;patata145;Normal
patata@patata146;patata146;patata146;patata146;Normal
patata@patata147;patata147;patata147;patata147;Normal
patata@patata148;patata148;patata148;patata148;Normal
patata@patata149;patata149;patata149;patata149;Normal
patata@patata150;patata150;patata150;patata150;Normal
patata@patata151;patata151;patata151;patata151;Normal
patata@patata152;patata152;patata152;patata152;Normal
patata@patata153;patata153;patata153;patata153;Normal
patata@patata154;patata154;patata154;patata154;Normal
patata@patata155;patata155;patata155;patata155;Normal
patata@patata156;patata156;patata156;patata156;Normal
patata@patata157;patata157;patata157;patata157;Normal
patata@patata158;patata158;patata158;patata158;Normal
patata@patata159;patata159;patata159;patata159;Normal
patata@patata160;patata160;patata160;patata160;Normal
patata@patata161;patata161;patata161;patata161;Normal
patata@patata162;patata162;patata162;patata162;Normal
patata@patata163;patata163;patata163;patata163;Normal
patata@patata164;patata164;patata164;patata164;Normal
patata@patata165;patata165;patata165;patata165;Normal
patata@patata166;patata166;patata166;patata166;Normal
patata@patata167;patata167;patata167;patata167;Normal
patata@patata168;patata168;patata168;patata168;Normal
patata@patata169;patata169;patata169;patata169;Normal
patata@patata170;patata170;patata170;patata170;Normal
patata@patata171;patata171;patata171;patata171;Normal
patata@patata172;patata172;patata172;patata172;Normal
patata@patata173;patata173;patata173;patata173;Normal
patata@patata174;patata174;patata174;patata174;Normal
patata@patata175;patata175;patata175;patata175;Normal
patata@patata176;patata176;patata176;patata176;Normal
patata@patata177;patata177;patata177;patata177;Normal
patata@patata178;patata178;patata178;patata178;Normal
patata@patata179;patata179;patata179;patata179;Normal
patata@patata180;patata180;patata180;patata180;Normal
patata@patata181;patata181;patata181;patata181;Normal
patata@patata182;patata182;patata182;patata182;Normal
patata@patata183;patata183;patata183;patata183;Normal
patata@patata184;patata184;patata184;patata184;Normal
patata@patata185;patata185;patata185;patata185;Normal
patata@patata186;patata186;patata186;patata186;Normal
patata@patata187;patata187;patata187;patata187;Normal
patata@patata188;patata188;patata188;patata188;Normal
patata@patata189;patata189;patata189;patata189;Normal
patata@patata190;patata190;patata190;patata190;Normal
patata@patata191;patata191;patata191;patata191;Normal
patata@patata192;patata192;patata192;patata192;Normal
patata@patata193;patata193;patata193;patata193;Normal
patata@patata194;patata194;patata194;patata194;Normal
patata@patata195;patata195;patata195;patata195;Normal
patata@patata196;patata196;patata196;patata196;Normal
patata@patata197;patata197;patata197;patata197;Normal
patata@patata198;patata198;patata198;patata198;Normal
patata@patata199;patata199;patata199;patata199;Normal
patata@patata200;patata200;patata200;patata200;Normal
patata@patata201;patata201;patata201;patata201;Normal
patata@patata202;patata202;patata202;patata202;Normal
patata@patata203;patata203;patata203;patata203;Normal
patata@patata204;patata204;patata204;patata204;Normal
patata@patata205;patata205;patata205;patata205;Normal
patata@patata206;patata206;patata206;patata206;Normal
patata@patata207;patata207;patata207;patata207;Normal
patata@patata208;patata208;patata208;patata208;Normal
patata@patata209;patata209;patata209;patata209;Normal
patata@patata210;patata210;patata210;patata210;Normal
patata@patata211;patata211;patata211;patata211;Normal
patata@patata212;patata212;patata212;patata212;Normal
patata@patata213;patata213;patata213;patata213;Normal
patata@patata214;patata214;patata214;patata214;Normal
patata@patata215;patata215;patata215;patata215;Normal
patata@patata216;patata216;patata216;patata216;Normal
patata@patata217;patata217;patata217;patata217;Normal
patata@patata218;patata218;patata218;patata218;Normal
patata@patata219;patata219;patata219;patata219;Normal
patata@patata220;patata220;patata220;patata220;Normal
patata@patata221;patata221;patata221;patata221;Normal
patata@patata222;patata222;patata222;patata222;Normal
patata@patata223;patata223;patata223;patata223;Normal
patata@patata224;patata224;patata224;patata224;Normal
patata@patata225;patata225;patata225;patata225;Normal
patata@patata226;patata226;patata226;patata226;Normal
patata@patata227;patata227;patata227;patata227;Normal
patata@patata228;patata228;patata228;patata228;Normal
patata@patata229;patata229;patata229;patata229;Normal
patata@patata230;patata230;patata230;patata230;Normal
patata@patata231;patata231;patata231;patata231;Normal
patata@patata232;patata232;patata232;patata232;Normal
patata@patata233;patata233;patata233;patata233;Normal
patata@patata234;patata234;patata234;patata234;Normal
patata@patata235;patata235;patata235;patata235;Normal
patata@patata236;patata236;patata236;patata236;Normal
patata@patata237;patata237;patata237;patata237;Normal
patata@patata238;patata238;patata238;patata238;Normal
patata@patata239;patata239;patata239;patata239;Normal
patata@patata240;patata240;patata240;patata240;Normal
patata@patata241;patata241;patata241;patata241;Normal
patata@patata242;patata242;patata242;patata242;Normal
patata@patata243;patata243;patata243;patata243;Normal
patata@patata244;patata244;patata244;patata244;Normal
patata@patata245;patata245;patata245;patata245;Normal
patata@patata246;patata246;patata246;patata246;Normal
patata@patata247;patata247;patata247;patata247;Normal
patata@patata248;patata248;patata248;patata248;Normal
patata@patata249;patata249;patata249;patata249;Normal
patata@patata250;patata250;patata250;patata250;Normal
patata@patata251;patata251;patata251;patata251;Normal
patata@patata252;patata252;patata252;patata252;Normal
patata@patata253;patata253;patata253;patata253;Normal
patata@patata254;patata254;patata254;patata254;Normal
patata@patata255;patata255;patata255;patata255;Normal
patata@patata256;patata256;patata256;patata256;Normal
patata@patata257;patata257;patata257;patata257;Normal
patata@patata258;patata258;patata258;patata258;Normal
patata@patata259;patata259;patata259;patata259;Normal
patata@patata260;patata260;patata260;patata260;Normal
patata@patata261;patata261;patata261;patata261;Normal
patata@patata262;patata262;patata262;patata262;Normal
patata@patata263;patata263;patata263;patata263;Normal
patata@patata264;patata264;patata264;patata264;Normal
patata@patata265;patata265;patata265;patata265;Normal
patata@patata266;patata266;patata266;patata266;Normal
patata@patata267;patata267;patata267;patata267;Normal
patata@patata268;patata268;patata268;patata268;Normal
patata@patata269;patata269;patata269;patata269;Normal
patata@patata270;patata270;patata270;patata270;Normal
patata@patata271;patata271;patata271;patata271;Normal
patata@patata272;patata272;patata272;patata272;Normal
patata@patata273;patata273;patata273;patata273;Normal
patata@patata274;patata274;patata274;patata274;Normal
patata@patata275;patata275;patata275;patata275;Normal
patata@patata276;patata276;patata276;patata276;Normal
patata@patata277;patata277;patata277;patata277;Normal
patata@patata278;patata278;patata278;patata278;Normal
patata@patata279;patata279;patata279;patata279;Normal
patata@patata280;patata280;patata280;patata280;Normal
patata@patata281;patata281;patata281;patata281;Normal
patata@patata282;patata282;patata282;patata282;Normal
patata@patata283;patata283;patata283;patata283;Normal
patata@patata284;patata284;patata284;patata284;Normal
patata@patata285;patata285;patata285;patata285;Normal
patata@patata286;patata286;patata286;patata286;Normal
patata@patata287;patata287;patata287;patata287;Normal
patata@patata288;patata288;patata288;patata288;Normal
patata@patata289;patata289;patata289;patata289;Normal
patata@patata290;patata290;patata290;patata290;Normal
patata@patata291;patata291;patata291;patata291;Normal
patata@patata292;patata292;patata292;patata292;Normal
patata@patata293;patata293;patata293;patata293;Normal
patata@patata294;patata294;patata294;patata294;Normal
patata@patata295;patata295;patata295;patata295;Normal
patata@patata296;patata296;patata296;patata296;Normal
patata@patata297;patata297;patata297;patata297;Normal
patata@patata298;patata298;patata298;patata298;Normal
patata@patata299;patata299;patata299;patata299;Normal
patata@patata300;patata300;patata300;patata300;Normal
patata@patata301;patata301;patata301;patata301;Normal
patata@patata302;patata302;patata302;patata302;Normal
patata@patata303;patata303;patata303;patata303;Normal
patata@patata304;patata304;patata304;patata304;Normal
patata@patata305;patata305;patata305;patata305;Normal
patata@patata306;patata306;patata306;patata306;Normal
patata@patata307;patata307;patata307;patata307;Normal
patata@patata308;patata308;patata308;patata308;Normal
patata@patata309;patata309;patata309;patata309;Normal
patata@patata310;patata310;patata310;patata310;Normal
patata@patata311;patata311;patata311;patata311;Normal
patata@patata312;patata312;patata312;patata312;Normal
patata@patata313;patata313;patata313;patata313;Normal
patata@patata314;patata314;patata314;patata314;Normal
patata@patata315;patata315;patata315;patata315;Normal
patata@patata316;patata316;patata316;patata316;Normal
patata@patata317;patata317;patata317;patata317;Normal
patata@patata318;patata318;patata318;patata318;Normal
patata@patata319;patata319;patata319;patata319;Normal
patata@patata320;patata320;patata320;patata320;Normal
patata@patata321;patata321;patata321;patata321;Normal
patata@patata322;patata322;patata322;patata322;Normal
patata@patata323;patata323;patata323;patata323;Normal
patata@patata324;patata324;patata324;patata324;Normal
patata@patata325;patata325;patata325;patata325;Normal
patata@patata326;patata326;patata326;patata326;Normal
patata@patata327;patata327;patata327;patata327;Normal
patata@patata328;patata328;patata328;patata328;Normal
patata@patata329;patata329;patata329;patata329;Normal
patata@patata330;patata330;patata330;patata330;Normal
patata@patata331;patata331;patata331;patata331;Normal
patata@patata332;patata332;patata332;patata332;Normal
patata@patata333;patata333;patata333;patata333;Normal
patata@patata334;patata334;patata334;patata334;Normal
patata@patata335;patata335;patata335;patata335;Normal
patata@patata336;patata336;patata336;patata336;Normal
patata@patata337;patata337;patata337;patata337;Normal
patata@patata338;patata338;patata338;patata338;Normal
patata@patata339;patata339;patata339;patata339;Normal
patata@patata340;patata340;patata340;patata340;Normal
patata@patata341;patata341;patata341;patata341;Normal
patata@patata342;patata342;patata342;patata342;Normal
patata@patata343;patata343;patata343;patata343;Normal
patata@patata344;patata344;patata344;patata344;Normal
patata@patata345;patata345;patata345;patata345;Normal
patata@patata346;patata346;patata346;patata346;Normal
patata@patata347;patata347;patata347;patata347;Normal
patata@patata348;patata348;patata348;patata348;Normal
patata@patata349;patata349;patata349;patata349;Normal
patata@patata350;patata350;patata350;patata350;Normal
patata@patata351;patata351;patata351;patata351;Normal
patata@patata352;patata352;patata352;patata352;Normal
patata@patata353;patata353;patata353;patata353;Normal
patata@patata354;patata354;patata354;patata354;Normal
patata@patata355;patata355;patata355;patata355;Normal
patata@patata356;patata356;patata356;patata356;Normal
patata@patata357;patata357;patata357;patata357;Normal
patata@patata358;patata358;patata358;patata358;Normal
patata@patata359;patata359;patata359;patata359;Normal
patata@patata360;patata360;patata360;patata360;Normal
patata@patata361;patata361;patata361;patata361;Normal
patata@patata362;patata362;patata362;patata362;Normal
patata@patata363;patata363;patata363;patata363;Normal
patata@patata364;patata364;patata364;patata364;Normal
patata@patata365;patata365;patata365;patata365;Normal
patata@patata366;patata366;patata366;patata366;Normal
patata@patata367;patata367;patata367;patata367;Normal
patata@patata368;patata368;patata368;patata368;Normal
patata@patata369;patata369;patata369;patata369;Normal
patata@patata370;patata370;patata370;patata370;Normal
patata@patata371;patata371;patata371;patata371;Normal
patata@patata372;patata372;patata372;patata372;Normal
patata@patata373;patata373;patata373;patata373;Normal
patata@patata374;patata374;patata374;patata374;Normal
patata@patata375;patata375;patata375;patata375;Normal
patata@patata376;patata376;patata376;patata376;Normal
patata@patata377;patata377;patata377;patata377;Normal
patata@patata378;patata378;patata378;patata378;Normal
patata@patata379;patata379;patata379;patata379;Normal
patata@patata380;patata380;patata380;patata380;Normal
patata@patata381;patata381;patata381;patata381;Normal
patata@patata382;patata382;patata382;patata382;Normal
patata@patata383;patata383;patata383;patata383;Normal
patata@patata384;patata384;patata384;patata384;Normal
patata@patata385;patata385;patata385;patata385;Normal
patata@patata386;patata386;patata386;patata386;Normal
patata@patata387;patata387;patata387;patata387;Normal
patata@patata388;patata388;patata388;patata388;Normal
patata@patata389;patata389;patata389;patata389;Normal
patata@patata390;patata390;patata390;patata390;Normal
patata@patata391;patata391;patata391;patata391;Normal
patata@patata392;patata392;patata392;patata392;Normal
patata@patata393;patata393;patata393;patata393;Normal
patata@patata394;patata394;patata394;patata394;Normal
patata@patata395;patata395;patata395;patata395;Normal
patata@patata396;patata396;patata396;patata396;Normal
patata@patata397;patata397;patata397;patata397;Normal
patata@patata398;patata398;patata398;patata398;Normal
patata@patata399;patata399;patata399;patata399;Normal
patata@patata400;patata400;patata400;patata400;Normal
patata@patata401;patata401;patata401;patata401;Normal
patata@patata402;patata402;patata402;patata402;Normal
patata@patata403;patata403;patata403;patata403;Normal
patata@patata404;patata404;patata404;patata404;Normal
patata@patata405;patata405;patata405;patata405;Normal
patata@patata406;patata406;patata406;patata406;Normal
patata@patata407;patata407;patata407;patata407;Normal
patata@patata408;patata408;patata408;patata408;Normal
patata@patata409;patata409;patata409;patata409;Normal
patata@patata410;patata410;patata410;patata410;Normal
patata@patata411;patata411;patata411;patata411;Normal
patata@patata412;patata412;patata412;patata412;Normal
patata@patata413;patata413;patata413;patata413;Normal
patata@patata414;patata414;patata414;patata414;Normal
patata@patata415;patata415;patata415;patata415;Normal
patata@patata416;patata416;patata416;patata416;Normal
patata@patata417;patata417;patata417;patata417;Normal
patata@patata418;patata418;patata418;patata418;Normal
patata@patata419;patata419;patata419;patata419;Normal
patata@patata420;patata420;patata420;patata420;Normal
patata@patata421;patata421;patata421;patata421;Normal
patata@patata422;patata422;patata422;patata422;Normal
patata@patata423;patata423;patata423;patata423;Normal
patata@patata424;patata424;patata424;patata424;Normal
patata@patata425;patata425;patata425;patata425;Normal
patata@patata426;patata426;patata426;patata426;Normal
patata@patata427;patata427;patata427;patata427;Normal
patata@patata428;patata428;patata428;patata428;Normal
patata@patata429;patata429;patata429;patata429;Normal
patata@patata430;patata430;patata430;patata430;Normal
patata@patata431;patata431;patata431;patata431;Normal
patata@patata432;patata432;patata432;patata432;Normal
patata@patata433;patata433;patata433;patata433;Normal
patata@patata434;patata434;patata434;patata434;Normal
patata@patata435;patata435;patata435;patata435;Normal
patata@patata436;patata436;patata436;patata436;Normal
patata@patata437;patata437;patata437;patata437;Normal
patata@patata438;patata438;patata438;patata438;Normal
patata@patata439;patata439;patata439;patata439;Normal
patata@patata440;patata440;patata440;patata440;Normal
patata@patata441;patata441;patata441;patata441;Normal
patata@patata442;patata442;patata442;patata442;Normal
patata@patata443;patata443;patata443;patata443;Normal
patata@patata444;patata444;patata444;patata444;Normal
patata@patata445;patata445;patata445;patata445;Normal
patata@patata446;patata446;patata446;patata446;Normal
patata@patata447;patata447;patata447;patata447;Normal
patata@patata448;patata448;patata448;patata448;Normal
patata@patata449;patata449;patata449;patata449;Normal
patata@patata450;patata450;patata450;patata450;Normal
patata@patata451;patata451;patata451;patata451;Normal
patata@patata452;patata452;patata452;patata452;Normal
patata@patata453;patata453;patata453;patata453;Normal
patata@patata454;patata454;patata454;patata454;Normal
patata@patata455;patata455;patata455;patata455;Normal
patata@patata456;patata456;patata456;patata456;Normal
patata@patata457;patata457;patata457;patata457;Normal
patata@patata458;patata458;patata458;patata458;Normal
patata@patata459;patata459;patata459;patata459;Normal
patata@patata460;patata460;patata460;patata460;Normal
patata@patata461;patata461;patata461;patata461;Normal
patata@patata462;patata462;patata462;patata462;Normal
patata@patata463;patata463;patata463;patata463;Normal
patata@patata464;patata464;patata464;patata464;Normal
patata@patata465;patata465;patata465;patata465;Normal
patata@patata466;patata466;patata466;patata466;Normal
patata@patata467;patata467;patata467;patata467;Normal
patata@patata468;patata468;patata468;patata468;Normal
patata@patata469;patata469;patata469;patata469;Normal
patata@patata470;patata470;patata470;patata470;Normal
patata@patata471;patata471;patata471;patata471;Normal
patata@patata472;patata472;patata472;patata472;Normal
patata@patata473;patata473;patata473;patata473;Normal
patata@patata474;patata474;patata474;patata474;Normal
patata@patata475;patata475;patata475;patata475;Normal
patata@patata476;patata476;patata476;patata476;Normal
patata@patata477;patata477;patata477;patata477;Normal
patata@patata478;patata478;patata478;patata478;Normal
patata@patata479;patata479;patata479;patata479;Normal
patata@patata480;patata480;patata480;patata480;Normal
patata@patata481;patata481;patata481;patata481;Normal
patata@patata482;patata482;patata482;patata482;Normal
patata@patata483;patata483;patata483;patata483;Normal
patata@patata484;patata484;patata484;patata484;Normal
patata@patata485;patata485;patata485;patata485;Normal
patata@patata486;patata486;patata486;patata486;Normal
patata@patata487;patata487;patata487;patata487;Normal
patata@patata488;patata488;patata488;patata488;Normal
patata@patata489;patata489;patata489;patata489;Normal
patata@patata490;patata490;patata490;patata490;Normal
patata@patata491;patata491;patata491;patata491;Normal
patata@patata492;patata492;patata492;patata492;Normal
patata@patata493;patata493;patata493;patata493;Normal
patata@patata494;patata494;patata494;patata494;Normal
patata@patata495;patata495;patata495;patata495;Normal
patata@patata496;patata496;patata496;patata496;Normal
patata@patata497;patata497;patata497;patata497;Normal
patata@patata498;patata498;patata498;patata498;Normal
patata@patata499;patata499;patata499;patata499;Normal
patata@patata500;patata500;patata500;patata500;Normal
patata@patata501;patata501;patata501;patata501;Normal
patata@patata502;patata502;patata502;patata502;Normal
patata@patata503;patata503;patata503;patata503;Normal
patata@patata504;patata504;patata504;patata504;Normal
patata@patata505;patata505;patata505;patata505;Normal
patata@patata506;patata506;patata506;patata506;Normal
patata@patata507;patata507;patata507;patata507;Normal
patata@patata508;patata508;patata508;patata508;Normal
patata@patata509;patata509;patata509;patata509;Normal
patata@patata510;patata510;patata510;patata510;Normal
patata@patata511;patata511;patata511;patata511;Normal
patata@patata512;patata512;patata512;patata512;Normal
patata@patata513;patata513;patata513;patata513;Normal
patata@patata514;patata514;patata514;patata514;Normal
patata@patata515;patata515;patata515;patata515;Normal
patata@patata516;patata516;patata516;patata516;Normal
patata@patata517;patata517;patata517;patata517;Normal
patata@patata518;patata518;patata518;patata518;Normal
patata@patata519;patata519;patata519;patata519;Normal
patata@patata520;patata520;patata520;patata520;Normal
patata@patata521;patata521;patata521;patata521;Normal
patata@patata522;patata522;patata522;patata522;Normal
patata@patata523;patata523;patata523;patata523;Normal
patata@patata524;patata524;patata524;patata524;Normal
patata@patata525;patata525;patata525;patata525;Normal
patata@patata526;patata526;patata526;patata526;Normal
patata@patata527;patata527;patata527;patata527;Normal
patata@patata528;patata528;patata528;patata528;Normal
patata@patata529;patata529;patata529;patata529;Normal
patata@patata530;patata530;patata530;patata530;Normal
patata@patata531;patata531;patata531;patata531;Normal
patata@patata532;patata532;patata532;patata532;Normal
patata@patata533;patata533;patata533;patata533;Normal
patata@patata534;patata534;patata534;patata534;Normal
patata@patata535;patata535;patata535;patata535;Normal
patata@patata536;patata536;patata536;patata536;Normal
patata@patata537;patata537;patata537;patata537;Normal
patata@patata538;patata538;patata538;patata538;Normal
patata@patata539;patata539;patata539;patata539;Normal
patata@patata540;patata540;patata540;patata540;Normal
patata@patata541;patata541;patata541;patata541;Normal
patata@patata542;patata542;patata542;patata542;Normal
patata@patata543;patata543;patata543;patata543;Normal
patata@patata544;patata544;patata544;patata544;Normal
patata@patata545;patata545;patata545;patata545;Normal
patata@patata546;patata546;patata546;patata546;Normal
patata@patata547;patata547;patata547;patata547;Normal
patata@patata548;patata548;patata548;patata548;Normal
patata@patata549;patata549;patata549;patata549;Normal
patata@patata550;patata550;patata550;patata550;Normal
patata@patata551;patata551;patata551;patata551;Normal
patata@patata552;patata552;patata552;patata552;Normal
patata@patata553;patata553;patata553;patata553;Normal
patata@patata554;patata554;patata554;patata554;Normal
patata@patata555;patata555;patata555;patata555;Normal
patata@patata556;patata556;patata556;patata556;Normal
patata@patata557;patata557;patata557;patata557;Normal
patata@patata558;patata558;patata558;patata558;Normal
patata@patata559;patata559;patata559;patata559;Normal
patata@patata560;patata560;patata560;patata560;Normal
patata@patata561;patata561;patata561;patata561;Normal
patata@patata562;patata562;patata562;patata562;Normal
patata@patata563;patata563;patata563;patata563;Normal
patata@patata564;patata564;patata564;patata564;Normal
patata@patata565;patata565;patata565;patata565;Normal
patata@patata566;patata566;patata566;patata566;Normal
patata@patata567;patata567;patata567;patata567;Normal
patata@patata568;patata568;patata568;patata568;Normal
patata@patata569;patata569;patata569;patata569;Normal
patata@patata570;patata570;patata570;patata570;Normal
patata@patata571;patata571;patata571;patata571;Normal
patata@patata572;patata572;patata572;patata572;Normal
patata@patata573;patata573;patata573;patata573;Normal
patata@patata574;patata574;patata574;patata574;Normal
patata@patata575;patata575;patata575;patata575;Normal
patata@patata576;patata576;patata576;patata576;Normal
patata@patata577;patata577;patata577;patata577;Normal
patata@patata578;patata578;patata578;patata578;Normal
patata@patata579;patata579;patata579;patata579;Normal
patata@patata580;patata580;patata580;patata580;Normal
patata@patata581;patata581;patata581;patata581;Normal
patata@patata582;patata582;patata582;patata582;Normal
patata@patata583;patata583;patata583;patata583;Normal
patata@patata584;patata584;patata584;patata584;Normal
patata@patata585;patata585;patata585;patata585;Normal
patata@patata586;patata586;patata586;patata586;Normal
patata@patata587;patata587;patata587;patata587;Normal
patata@patata588;patata588;patata588;patata588;Normal
patata@patata589;patata589;patata589;patata589;Normal
patata@patata590;patata590;patata590;patata590;Normal
patata@patata591;patata591;patata591;patata591;Normal
patata@patata592;patata592;patata592;patata592;Normal
patata@patata593;patata593;patata593;patata593;Normal
patata@patata594;patata594;patata594;patata594;Normal
patata@patata595;patata595;patata595;patata595;Normal
patata@patata596;patata596;patata596;patata596;Normal
patata@patata597;patata597;patata597;patata597;Normal
patata@patata598;patata598;patata598;patata598;Normal
patata@patata599;patata599;patata599;patata599;Normal
patata@patata600;patata600;patata600;patata600;Normal
